{"i":650,"val_loss_history":[0.15236693620682],"val_loss_history_it":[650],"forward_backward_times":{},"opt":{"max_epochs":50,"checkpoint_every":1000,"batch_size":50,"memory_benchmark":0,"init_from":"","grad_clip":5,"model_type":"rnn","lr_decay_every":5,"print_every":1,"wordvec_size":64,"seq_length":50,"input_json":"\/Users\/test\/VSCodeProjects\/USC_CSCI599\/Mario_PCG\/test\/mar8_hor_16_combined.json","num_layers":3,"input_h5":"\/Users\/test\/VSCodeProjects\/USC_CSCI599\/Mario_PCG\/test\/mar8_hor_16_combined.h5","reset_iterations":1,"rnn_size":256,"dropout":0,"checkpoint_name":"cv\/checkpoint","batchnorm":0,"learning_rate":0.002,"speed_benchmark":0,"gpu_backend":"cuda","lr_decay_factor":0.5,"gpu":-1},"train_loss_history":[1.8548138141632,0.51504778862,0.42540502548218,0.34737992286682,0.37086588144302,0.32200062274933,0.34586051106453,0.40299588441849,0.29745829105377,0.32796558737755,0.36088824272156,0.33070248365402,0.31979417800903,0.28710132837296,0.25033828616142,0.32865661382675,0.28368654847145,0.28946903347969,0.26099926233292,0.29656279087067,0.32972538471222,0.2569063603878,0.28759923577309,0.30972024798393,0.29322481155396,0.27858629822731,0.2519990503788,0.21870437264442,0.29347568750381,0.25419813394547,0.24048906564713,0.23701660335064,0.26191380620003,0.27953919768333,0.23260451853275,0.25345301628113,0.27006042003632,0.26383295655251,0.24936074018478,0.2294083237648,0.19981256127357,0.27159032225609,0.23039208352566,0.21686846017838,0.22197888791561,0.24565222859383,0.25967347621918,0.22242453694344,0.24053251743317,0.25468695163727,0.24888648092747,0.23311050236225,0.36997947096825,0.23015195131302,0.28746575117111,0.25559401512146,0.24447800219059,0.23508566617966,0.25344449281693,0.26348751783371,0.22619330883026,0.24462495744228,0.26126995682716,0.25829377770424,0.24143701791763,0.22722482681274,0.19971996545792,0.26387333869934,0.22428718209267,0.22450232505798,0.21835830807686,0.24143606424332,0.25087466835976,0.21770635247231,0.23746913671494,0.25032094120979,0.24536120891571,0.221221357584,0.21125097572803,0.19027149677277,0.25679361820221,0.21738275885582,0.26483809947968,0.21705643832684,0.23886726796627,0.24543903768063,0.21555009484291,0.23207023739815,0.24826684594154,0.24293622374535,0.21840603649616,0.20928451418877,0.18776844441891,0.25609946250916,0.21408261358738,0.20832082629204,0.21222046017647,0.23267766833305,0.24334689974785,0.20769193768501,0.23010537028313,0.24266858398914,0.23862218856812,0.21739430725574,0.21296115219593,0.19004134833813,0.25680032372475,0.21396279335022,0.20157250761986,0.21077431738377,0.23221606016159,0.23975929617882,0.20539343357086,0.22576411068439,0.2450435012579,0.23623821139336,0.21458408236504,0.21509672701359,0.18663284182549,0.25780236721039,0.21484172344208,0.20598194003105,0.21007876098156,0.22958809137344,0.23721396923065,0.20615212619305,0.2234143614769,0.24082659184933,0.23607976734638,0.21409370005131,0.21410994231701,0.18261951208115,0.24905486404896,0.20906327664852,0.19877415895462,0.20247645676136,0.22344939410686,0.23603793978691,0.20257312059402,0.22122985124588,0.23940852284431,0.23585097491741,0.20847900211811,0.21531450748444,0.17892074584961,0.2448261231184,0.20699840784073,0.19436299800873,0.20206804573536,0.22627100348473,0.23367622494698,0.20172010362148,0.21767312288284,0.23685942590237,0.22962473332882,0.20717163383961,0.21504336595535,0.17913514375687,0.24201379716396,0.20314833521843,0.19337156414986,0.19897153973579,0.22302135825157,0.23330034315586,0.20026697218418,0.21647387742996,0.23769713938236,0.22723373770714,0.20261605083942,0.21090519428253,0.17855983972549,0.23876191675663,0.20165324211121,0.19073624908924,0.19572253525257,0.21874406933784,0.23106265068054,0.19832970201969,0.21639858186245,0.23582091927528,0.22584347426891,0.20507185161114,0.20874547958374,0.180230230093,0.24145886301994,0.20424735546112,0.1907757371664,0.19677312672138,0.22319857776165,0.23340527713299,0.20078659057617,0.21752926707268,0.23346482217312,0.22792856395245,0.20108821988106,0.20493873953819,0.1768796145916,0.2368510812521,0.20132780075073,0.1888721883297,0.19499243795872,0.2192195057869,0.22907550632954,0.19754566252232,0.21492023766041,0.23286835849285,0.22550012171268,0.1984977722168,0.20679876208305,0.17563289403915,0.23526684939861,0.1982593536377,0.18725596368313,0.19361647963524,0.21710276603699,0.22806765139103,0.19787766039371,0.21475331485271,0.22935442626476,0.22472600638866,0.19819162786007,0.2084656059742,0.17436483502388,0.23403784632683,0.19796231389046,0.18720729649067,0.19350096583366,0.21730634570122,0.22719521820545,0.19671157002449,0.21393296122551,0.22966821491718,0.22372756898403,0.19674780964851,0.20633950829506,0.17464807629585,0.23285983502865,0.1967668235302,0.18583238124847,0.1919994354248,0.21534465253353,0.22615016996861,0.19608560204506,0.21365873515606,0.22810676693916,0.22300730645657,0.19663234055042,0.20574927330017,0.17470471560955,0.233846783638,0.19680997729301,0.18532335758209,0.19169597327709,0.21670959889889,0.22622975707054,0.19586296379566,0.21439458429813,0.22823552787304,0.22306643426418,0.19470301270485,0.20379577577114,0.1733618080616,0.2313726246357,0.19524210691452,0.18502777814865,0.19123101234436,0.21402399241924,0.2227393835783,0.19524006545544,0.21263349056244,0.22659184038639,0.22150078415871,0.19559107720852,0.20498038828373,0.17228263616562,0.23012746870518,0.19333671033382,0.18406970798969,0.18982228636742,0.2129300236702,0.22143171727657,0.19481033086777,0.21063867211342,0.22589708864689,0.21993730962276,0.19570925831795,0.20407603681087,0.17135806381702,0.22912646830082,0.19181133806705,0.18295650184155,0.18819174170494,0.21042209863663,0.21918913722038,0.19404421746731,0.20825611054897,0.22407406568527,0.21887826919556,0.19693979620934,0.20207735896111,0.1693436652422,0.22799360752106,0.19025640189648,0.182407990098,0.18666033446789,0.20848235487938,0.2183643579483,0.19308197498322,0.20635251700878,0.22225986421108,0.21832670271397,0.19774055480957,0.20109224319458,0.16905102133751,0.2287135720253,0.18985764682293,0.18098346889019,0.18671177327633,0.20790749788284,0.21816816926003,0.19320085644722,0.20640908181667,0.22263042628765,0.21845924854279,0.19458068907261,0.19989910721779,0.16710764169693,0.2262594550848,0.18913370370865,0.18049980700016,0.18585601449013,0.20646518468857,0.21645329892635,0.19230416417122,0.2047568410635,0.2214822769165,0.21724382042885,0.19521583616734,0.20098178088665,0.16680012643337,0.22537063062191,0.18835689127445,0.17978346347809,0.18493369221687,0.20551401376724,0.21625837683678,0.19173297286034,0.20447286963463,0.22041201591492,0.21667584776878,0.19487252831459,0.2006299495697,0.16624709963799,0.2251355946064,0.18767955899239,0.17927080392838,0.18453329801559,0.20506580173969,0.21602790057659,0.19136901199818,0.20421209931374,0.21947914361954,0.21608082950115,0.19464121758938,0.20027920603752,0.16612794995308,0.2251344025135,0.18731211125851,0.17879402637482,0.18412780761719,0.20438928902149,0.21579629182816,0.19123306870461,0.2040031850338,0.21877114474773,0.21568520367146,0.1940621137619,0.19959546625614,0.16705475747585,0.22582741081715,0.18713189661503,0.17896363139153,0.18472199141979,0.20480261743069,0.21597163379192,0.19139635562897,0.20423051714897,0.21927797794342,0.21605485677719,0.19275595247746,0.19850970804691,0.16573464870453,0.22435693442822,0.18685036897659,0.1784038990736,0.18374665081501,0.20395638048649,0.21541918814182,0.19110748171806,0.20404629409313,0.21811375021935,0.21542458236217,0.19347067177296,0.19888955354691,0.16561360657215,0.22431999444962,0.18662102520466,0.17815390229225,0.18341854214668,0.20361939072609,0.21505390107632,0.19071717560291,0.20402482151985,0.2175278365612,0.21512341499329,0.19407926499844,0.19892981648445,0.16544213891029,0.22442978620529,0.18657106161118,0.17820623517036,0.18331818282604,0.20368795096874,0.21501912176609,0.19038258492947,0.20366397500038,0.21736516058445,0.21491062641144,0.19491444528103,0.19880342483521,