{"i":450,"val_loss_history":[0.63931667804718],"val_loss_history_it":[450],"forward_backward_times":{},"opt":{"max_epochs":50,"checkpoint_every":1000,"batch_size":4,"memory_benchmark":0,"init_from":"","grad_clip":5,"model_type":"rnn","lr_decay_every":5,"print_every":1,"wordvec_size":64,"seq_length":50,"input_json":"scripts\/test_json_output.json","num_layers":3,"input_h5":"scripts\/test_h5_output.h5","reset_iterations":1,"rnn_size":128,"dropout":0,"checkpoint_name":"cv\/checkpoint","batchnorm":0,"learning_rate":0.002,"speed_benchmark":0,"gpu_backend":"cuda","lr_decay_factor":0.5,"gpu":-1},"train_loss_history":[1.8492187261581,0.70390570163727,0.36106768250465,0.34022027254105,0.63308614492416,0.059961665421724,0.36725389957428,0.28641614317894,0.34746494889259,0.35187542438507,0.29183891415596,0.26847785711288,0.3340550661087,0.61518293619156,0.11436848342419,0.38607388734818,0.23711785674095,0.28989243507385,0.28285354375839,0.27255675196648,0.26751637458801,0.29620224237442,0.50781160593033,0.064629562199116,0.29421645402908,0.24973705410957,0.27473005652428,0.25861462950706,0.29736390709877,0.29346171021461,0.25972583889961,0.42593929171562,0.075808860361576,0.25844937562943,0.20314706861973,0.23202881217003,0.22893939912319,0.30233600735664,0.30513590574265,0.23718985915184,0.43565636873245,0.060366667807102,0.29218325018883,0.17560270428658,0.20435117185116,0.2104035615921,0.26307994127274,0.28921553492546,0.22028002142906,0.36978140473366,0.069564796984196,0.24403113126755,0.16467341780663,0.19463054835796,0.20674155652523,0.25511622428894,0.27286949753761,0.20833814144135,0.35666325688362,0.058808878064156,0.23998302221298,0.15842989087105,0.18373128771782,0.19084787368774,0.25971147418022,0.27663636207581,0.20045349001884,0.33912989497185,0.063896097242832,0.23178981244564,0.15228712558746,0.17785367369652,0.19244033098221,0.2518098950386,0.26461040973663,0.19864386320114,0.33627110719681,0.058368615806103,0.22751653194427,0.1545667052269,0.17745888233185,0.18183122575283,0.26413342356682,0.28001025319099,0.19944427907467,0.33190670609474,0.060808509588242,0.23446029424667,0.15106935799122,0.1721656024456,0.18522714078426,0.2472095489502,0.2541551887989,0.19710651040077,0.32466632127762,0.06104101985693,0.22184516489506,0.15451906621456,0.17524346709251,0.1831478625536,0.24652256071568,0.25217682123184,0.19404250383377,0.320322483778,0.061827085912228,0.21530163288116,0.15233288705349,0.17429731786251,0.18274779617786,0.24694417417049,0.24850091338158,0.1929472386837,0.32289755344391,0.057988356798887,0.21271386742592,0.1505324691534,0.17275701463223,0.18163238465786,0.24676913022995,0.24657474458218,0.19211426377296,0.32063186168671,0.059156827628613,0.21094283461571,0.15064013004303,0.17186696827412,0.17864365875721,0.25008261203766,0.25433000922203,0.19273099303246,0.31700614094734,0.061395887285471,0.21664819121361,0.14990754425526,0.16865289211273,0.17780065536499,0.24348285794258,0.24427765607834,0.19301801919937,0.31672120094299,0.05821430310607,0.21187338232994,0.15148881077766,0.17010517418385,0.17887961864471,0.24216993153095,0.24226999282837,0.1919242143631,0.31439486145973,0.059043727815151,0.2100508660078,0.15126658976078,0.17037676274776,0.178282558918,0.24134655296803,0.24277755618095,0.19062329828739,0.31301009654999,0.059087306261063,0.20959649980068,0.15069785714149,0.1701101064682,0.178138718009,0.24036520719528,0.24238486588001,0.1900349855423,0.31296342611313,0.058029141277075,0.20898902416229,0.15024799108505,0.16966757178307,0.17728812992573,0.24150028824806,0.24625892937183,0.18990369141102,0.31122425198555,0.059811133891344,0.21275354921818,0.14942194521427,0.16746553778648,0.17591477930546,0.2382600903511,0.2425421923399,0.19013868272305,0.31129199266434,0.058205608278513,0.21062481403351,0.14989364147186,0.16791664063931,0.17675088346004,0.23729209601879,0.24067835509777,0.1901358962059,0.31134539842606,0.057652696967125,0.20923580229282,0.14989612996578,0.16817876696587,0.17698231339455,0.23646081984043,0.24028357863426,0.18972072005272,0.31065970659256,0.057833317667246,0.20859132707119,0.14970982074738,0.16824144124985,0.17685344815254,0.23548460006714,0.24035926163197,0.18925501406193,0.30990007519722,0.057984098792076,0.20827558636665,0.14953804016113,0.168212428689,0.1762992143631,0.23564256727695,0.2425022572279,0.18906216323376,0.30872237682343,0.059004634618759,0.21040196716785,0.14909392595291,0.16694524884224,0.17537446320057,0.23369210958481,0.24121926724911,0.18910160660744,0.30856701731682,0.058327864855528,0.20966266095638,0.14921081066132,0.1670613437891,0.17570589482784,0.23301136493683,0.24030281603336,0.18913187086582,0.30872938036919,0.057779461145401,0.20891687273979,0.1491928845644,0.16717629134655,0.17596882581711,0.23246499896049,0.23980332911015,0.18906244635582,0.30867344141006,0.057556226849556,0.20836333930492,0.14911438524723,0.16724437475204,0.17607267200947,0.23186799883842,0.23960220813751,0.18891468644142,0.308404058218,0.057543646544218,0.20798429846764,0.14901997148991,0.16727174818516,0.17583853006363,0.23181007802486,0.24066990613937,0.18879237771034,0.30761811137199,0.058270648121834,0.2090860158205,0.14879439771175,0.16659055650234,0.17522640526295,0.23069068789482,0.24030441045761,0.18874640762806,0.30732643604279,0.058163154870272,0.20886163413525,0.14883264899254,0.16662532091141,0.17529298365116,0.23026484251022,0.23998825252056,0.18872773647308,0.30730104446411,0.057959116995335,0.20853669941425,0.14881581068039,0.16667197644711,0.17539720237255,0.22993114590645,0.23972897231579,0.18869809806347,0.30728504061699,0.057787150144577,0.20822496712208,0.14877972006798,0.16671258211136,0.17548340559006,0.22960095107555,0.23953954875469,0.1886540800333,0.30722439289093,0.057673934847116,0.20795540511608,0.14873732626438,0.1667433232069,0.1754200309515,0.2295628041029,0.24000604450703,0.18862029910088,0.30686438083649,0.058019205927849,0.20847894251347,0.14862477779388,0.16639144718647,0.17509889602661,0.22895999252796,0.23986025154591,0.18858861923218,0.30668213963509,0.05800099670887,0.20838598906994,0.14863654971123,0.16640201210976,0.17511327564716,0.22871793806553,0.23973773419857,0.18857263028622,0.30663779377937,0.05792710185051,0.20823839306831,0.14862482249737,0.16642139852047,0.17515318095684,0.22852711379528,0.23962384462357,0.18855503201485,0.30661231279373,0.057848747819662,0.20808330178261,0.1486054956913,0.16644091904163,0.1751945912838,0.22834579646587,0.23952390253544,0.18853481113911,0.30658373236656,0.057780772447586,0.20793533325195,0.14858397841454,0.16645865142345,0.17517061531544,0.22832222282887,0.23974473774433,0.18852452933788,0.30641254782677,0.057945180684328,0.20818926393986,0.14852832257748,0.16628055274487,0.17500944435596,0.22801099717617,0.23967534303665,0.1885079741478,0.30631741881371,0.057939287275076,0.20814403891563,0.14853265881538,0.16628430783749,0.17501358687878,0.22788274288177,0.23961980640888,0.18849901854992,0.30628937482834,0.05790639296174,0.20807281136513,0.14852622151375,0.16629315912724,0.17503125965595,0.22778107225895,0.23956590890884,0.1884900033474,0.30627217888832,0.057868890464306,0.20799541473389,0.14851640164852,0.16630274057388,0.17505133152008,0.22768588364124,0.2395151257515,0.1884800940752,0.30625715851784,0.057832308113575,0.20791830122471,0.14850533008575,0.16631200909615,0.17504087090492,0.22767266631126,0.23962265253067,0.18847660720348,0.30617427825928,0.05791275203228,0.20804332196712,0.14847780764103,0.16622245311737,0.17496028542519,0.22751459479332,0.2395888119936,0.18846820294857,0.30612581968307,0.057910170406103,0.20802110433578,0.14847961068153,0.16622391343117,0.17496171593666,0.22744858264923,0.23956216871738,0.18846355378628,0.30611011385918,0.057894881814718,0.20798568427563,0.14847609400749,0.16622810065746,0.17496982216835,0.22739610075951,0.2395360916853,0.18845884501934,0.30610090494156,0.057876449078321,0.20794716477394,0.14847110211849,0.16623283922672,0.17497977614403,0.22734728455544,