{"i":50,"val_loss_history":[1.3039382696152],"val_loss_history_it":[50],"forward_backward_times":{},"opt":{"max_epochs":50,"checkpoint_every":1000,"batch_size":50,"memory_benchmark":0,"init_from":"","grad_clip":5,"model_type":"rnn","lr_decay_every":5,"print_every":1,"wordvec_size":64,"seq_length":50,"input_json":"..\/test\/mar8_2_level11.json","num_layers":3,"input_h5":"..\/test\/mar8_2_level11.h5","reset_iterations":1,"rnn_size":256,"dropout":0,"checkpoint_name":"cv\/checkpoint","batchnorm":0,"learning_rate":0.002,"speed_benchmark":0,"gpu_backend":"cuda","lr_decay_factor":0.5,"gpu":-1},"train_loss_history":[1.8548554182053,0.45807176828384,0.11367124319077,0.10302148759365,0.081743508577347,0.070658475160599,0.06752872467041,0.065019391477108,0.061883684247732,0.061573017388582,0.059371028095484,0.058585725724697,0.05837694555521,0.056858949363232,0.056442998349667,0.055906590074301,0.055864576250315,0.055087279528379,0.054554853588343,0.054493602365255,0.054028734564781,0.053944140672684,0.053628411144018,0.053315576165915,0.053145557641983,0.052964795380831,0.052793275564909,0.052606727927923,0.05242083221674,0.052323210984468,0.052222352474928,0.052120167762041,0.052017822861671,0.051913172006607,0.051859259605408,0.051805652678013,0.051751405000687,0.051696442067623,0.051641248166561,0.051613427698612,0.051585637032986,0.051557514816523,0.051529224961996,0.051500927656889,0.051486920565367,0.051472894847393,0.051458705216646,0.051444463431835,0.051430243998766,0.051423192024231],"memory_usage":{}}