{"i":1000,"val_loss_history":[0.20036033689976],"val_loss_history_it":[1000],"forward_backward_times":{},"opt":{"max_epochs":50,"checkpoint_every":1000,"batch_size":13,"memory_benchmark":0,"init_from":"","grad_clip":5,"model_type":"rnn","lr_decay_every":5,"print_every":1,"wordvec_size":64,"seq_length":50,"input_json":"..\/test\/mar8_batch_of_13.json","num_layers":4,"input_h5":"..\/test\/mar8_batch_of_13.h5","reset_iterations":1,"rnn_size":256,"dropout":0,"checkpoint_name":"cv\/checkpoint","batchnorm":0,"learning_rate":0.002,"speed_benchmark":0,"gpu_backend":"cuda","lr_decay_factor":0.5,"gpu":-1},"train_loss_history":[1.7490857839584,0.85001981258392,0.55530041456223,0.78972440958023,0.66880714893341,0.62197256088257,0.69778746366501,0.55431264638901,0.58954864740372,0.64533120393753,0.68963611125946,0.55134439468384,0.53631168603897,0.56085640192032,0.62198132276535,0.53610873222351,0.52588498592377,0.4092443883419,0.44075754284859,0.45091927051544,0.42659389972687,0.46462997794151,0.4115936756134,0.39286443591118,0.49621197581291,0.40506196022034,0.40645071864128,0.37330588698387,0.47150671482086,0.46161875128746,0.46018925309181,0.39258289337158,0.47735416889191,0.44744911789894,0.45824781060219,0.53830206394196,0.44076752662659,0.36966556310654,0.33106952905655,0.33333191275597,0.4316677749157,0.35318043828011,0.41805988550186,0.32260286808014,0.41275063157082,0.3721516430378,0.32554119825363,0.34423354268074,0.44188287854195,0.40915161371231,0.41898992657661,0.50408440828323,0.43307095766068,0.3835477232933,0.36346253752708,0.37456098198891,0.46947288513184,0.4883077442646,0.29096052050591,0.320042937994,0.31284755468369,0.29705384373665,0.29407674074173,0.22904449701309,0.1948236823082,0.32029122114182,0.20803309977055,0.26085597276688,0.20164348185062,0.26709482073784,0.29474511742592,0.30423054099083,0.20494364202023,0.31889826059341,0.24818268418312,0.29239240288734,0.31124651432037,0.23531819880009,0.19324393570423,0.17562685906887,0.16793496906757,0.30722266435623,0.31800580024719,0.23429507017136,0.14951756596565,0.23012472689152,0.20254132151604,0.18560166656971,0.21503908932209,0.20958510041237,0.16248542070389,0.18205606937408,0.23624187707901,0.1961200684309,0.16254715621471,0.14877554774284,0.19895236194134,0.20803718268871,0.27600687742233,0.17177775502205,0.2453285753727,0.17560344934464,0.16395099461079,0.16340506076813,0.15555429458618,0.15208211541176,0.2316959053278,0.18281018733978,0.23400115966797,0.1701085716486,0.2011926472187,0.22838078439236,0.29426622390747,0.16809080541134,0.20653954148293,0.22896841168404,0.2811207473278,0.26208093762398,0.24313387274742,0.16718997061253,0.15085841715336,0.17286044359207,0.26960372924805,0.23389247059822,0.21205946803093,0.1486728489399,0.20705875754356,0.18997222185135,0.1674393415451,0.18389897048473,0.19463454186916,0.1374074369669,0.15239773690701,0.21504651010036,0.18601854145527,0.15105229616165,0.13356277346611,0.18489465117455,0.18055853247643,0.25076079368591,0.18037401139736,0.215211763978,0.17225162684917,0.15582969784737,0.15766672790051,0.16362418234348,0.15320131182671,0.24298518896103,0.18443578481674,0.22720582783222,0.15342156589031,0.18793098628521,0.20457665622234,0.23133946955204,0.14415907859802,0.20317456126213,0.18969891965389,0.22118394076824,0.2451303601265,0.1966856867075,0.13420666754246,0.14640736579895,0.17898419499397,0.25370308756828,0.27347913384438,0.36792030930519,0.16052038967609,0.20934641361237,0.19080600142479,0.15897962450981,0.18572610616684,0.18610513210297,0.13819313049316,0.16276688873768,0.23203547298908,0.17977368831635,0.14380590617657,0.13850124180317,0.18915924429893,0.19782266020775,0.24511204659939,0.18647022545338,0.18423177301884,0.14761355519295,0.1464878320694,0.15251745283604,0.16353592276573,0.1452624797821,0.21559685468674,0.1744931191206,0.20423264801502,0.1651716530323,0.17938302457333,0.2074920386076,0.2164136916399,0.14429959654808,0.21203699707985,0.19798651337624,0.21151283383369,0.21942771971226,0.20590300858021,0.15067332983017,0.13307626545429,0.1495421230793,0.31331062316895,0.20063917338848,0.18924751877785,0.13757613301277,0.19975529611111,0.18993750214577,0.15954498946667,0.17759457230568,0.18669751286507,0.13712057471275,0.15556082129478,0.20834386348724,0.17369475960732,0.14842949807644,0.13238629698753,0.17497493326664,0.17389145493507,0.22699773311615,0.18045030534267,0.16610024869442,0.12823255360126,0.14518165588379,0.15353274345398,0.17290483415127,0.14537973701954,0.20720407366753,0.1671686321497,0.20208303630352,0.15749199688435,0.17665915191174,0.21173121035099,0.22128148376942,0.13725759088993,0.20412607491016,0.19086149334908,0.21972651779652,0.20038743317127,0.17783214151859,0.16089168190956,0.14138999581337,0.1503231972456,0.22985869646072,0.24531522393227,0.18198545277119,0.11773526668549,0.17671197652817,0.17778465151787,0.16085639595985,0.16661477088928,0.18087187409401,0.12128713726997,0.14630633592606,0.19743213057518,0.17149890959263,0.14665606617928,0.12437047064304,0.16265815496445,0.1625404804945,0.21191671490669,0.16635414958,0.17089319229126,0.12819658219814,0.12948022782803,0.13672707974911,0.16195322573185,0.14899879693985,0.19916652143002,0.16406686604023,0.20899280905724,0.17378349602222,0.17210391163826,0.21345306932926,0.17434799671173,0.13673265278339,0.1855356991291,0.19705122709274,0.20764531195164,0.1828761100769,0.17442351579666,0.15041138231754,0.1677880436182,0.17251375317574,0.24491572380066,0.27749812602997,0.25205472111702,0.14279420673847,0.18106098473072,0.19271011650562,0.15881349146366,0.19382308423519,0.20370928943157,0.15143676102161,0.17400254309177,0.22113405168056,0.2099200040102,0.15601019561291,0.13759487867355,0.17543077468872,0.15829293429852,0.21554793417454,0.13398464024067,0.18274432420731,0.14368531107903,0.14967694878578,0.13786096870899,0.15595108270645,0.21463617682457,0.21897764503956,0.17229160666466,0.18753120303154,0.15167471766472,0.19934751093388,0.21276193857193,0.21051481366158,0.12773218750954,0.17352320253849,0.18468534946442,0.21752522885799,0.19313229620457,0.1980128288269,0.13857282698154,0.13530376553535,0.16096405684948,0.23526963591576,0.21075364947319,0.19757199287415,0.12007883191109,0.17637714743614,0.1720132380724,0.15025487542152,0.17117017507553,0.18950578570366,0.13171550631523,0.14465031027794,0.19804929196835,0.18461839854717,0.14208121597767,0.12253495305777,0.15891155600548,0.15383587777615,0.20589655637741,0.11907786130905,0.15753273665905,0.12906782329082,0.13671651482582,0.13210293650627,0.1551955640316,0.13727636635303,0.20244164764881,0.16436985135078,0.20210467278957,0.16963092982769,0.1738553494215,0.19438289105892,0.19224137067795,0.12793117761612,0.16501845419407,0.17625053226948,0.20451399683952,0.18467397987843,0.18951767683029,0.13828484714031,0.12757706642151,0.15143674612045,0.20672035217285,0.21769726276398,0.180081397295,0.12054824829102,0.1713789254427,0.17183595895767,0.14249902963638,0.16073887050152,0.17909230291843,0.12530449032784,0.14185708761215,0.19399380683899,0.17666088044643,0.14192423224449,0.12444215267897,0.15786497294903,0.15449418127537,0.20686541497707,0.14292713999748,0.17422653734684,0.12675002217293,0.13476727902889,0.12872588634491,0.15000066161156,0.1364733427763,0.20820221304893,0.16124723851681,0.17617167532444,0.15642294287682,0.17684757709503,0.18769280612469,0.19096386432648,0.12858930230141,0.17502671480179,0.18237760663033,0.19356805086136,0.17959812283516,0.17637568712234,0.13993369042873,0.1296211630106,0.15375228226185,0.20350821316242,0.2060736566782,0.17941607534885,0.11656563729048,0.1599448621273,0.16137203574181,0.13900808990002,0.1592855155468,0.17547625303268,0.11730292439461,0.13832467794418,0.1963218152523,0.17765589058399,0.14579139649868,0.12199638038874,0.15857380628586,0.15069955587387,0.19761887192726,0.14030909538269,0.15409176051617,0.12838460505009,0.13641500473022,0.12953455746174,0.15083707869053,0.13877372443676,0.19498640298843,0.15595610439777,